,population,positive_100k,active_100k,recovered_100k,death_100k,hospitalizedCurrently_100k,hospitalizedCumulative_100k,inIcuCurrently_100k,onVentilatorCurrently_100k,BedsPer100k
count,969.0,969.0,969.0,969.0,969.0,791.0,620.0,439.0,366.0,969.0
mean,6496450.823529412,353.57496365581125,330.547501972152,80.6862489020122,18.054948593602955,15.273665239173106,52.655849695072085,5.4177634630111555,3.8019411881422225,263.52941176470586
std,7381059.7567551695,362.6249189570815,333.61634389111595,93.38355794050649,24.859013979853163,14.28437596740281,74.74399944600331,4.1652622842770635,3.312121221154077,74.39375787322972
min,567025.0,41.6835747392016,40.21130719874416,0.0,1.1325934194906586,0.27605016383577224,4.955096210271631,0.3184404062662703,0.0,160.0
25%,1778070.0,139.12732751330537,131.91365135649866,0.0,4.427887275151121,4.771953582945065,16.65465736643167,2.265370966427302,2.0384385815270325,210.0
50%,4499692.0,210.65988715968427,199.4140973122514,56.65871642688785,7.981516561822284,9.791935887940607,26.934126291319828,4.182588544298802,2.7173566855241735,250.0
75%,7797095.0,418.5683784428901,392.7147485513733,108.64945317272553,18.738823788936802,21.529349406663123,51.53317227116875,7.535423946718314,4.899821144692902,310.00000000000006
max,39937489.0,1815.0025084271372,1661.6471547059898,565.0798762761605,118.45702838694113,66.82650420619804,391.80124718184527,19.291509251755762,14.390302144871178,479.99999999999994
