,population,positive_100k,active_100k,recovered_100k,death_100k,hospitalizedCurrently_100k,hospitalizedCumulative_100k,inIcuCurrently_100k,onVentilatorCurrently_100k,total_beds_100k
count,51.0,51.0,51.0,51.0,51.0,44.0,33.0,24.0,20.0,51.0
mean,6496450.823529412,410.52318940664713,384.6667260311815,104.26647426608535,21.215915188945825,13.011384179538625,59.526824918288284,4.583480095246393,3.3366191246989514,263.52941176470586
std,7450657.459689212,396.9638088596562,365.39804505222577,115.12169815450966,28.15251889887211,11.66695887303504,81.87339787772356,3.2506908363175646,2.7471103284203795,75.09523365465385
min,567025.0,43.24785900093765,41.59155801792302,0.0,1.2033805082088247,0.368066885114363,5.804541274889625,0.6186483096840957,0.30224903506995554,160.0
25%,1802113.0,171.2422435126793,162.62693708834576,13.642192666784872,5.526044845482117,4.0264627684230305,18.128554301113763,1.9377569536560608,1.9214801293043036,210.0
50%,4499692.0,253.50422660205874,243.78940901088717,83.70535714285714,9.806670805459966,9.678144875338702,34.993416586657986,4.10099628641508,2.606674131476902,250.0
75%,7587794.5,481.06407094849055,453.1958401939655,136.20306970041014,23.4756425840095,18.506812643632074,64.41842393004734,5.981602344527328,4.209795832418501,310.0
max,39937489.0,1807.4203868229722,1655.7676669220273,565.0798762761605,116.91590362351856,51.89492803394539,390.2683623527807,11.783039003537597,9.712954444856088,479.99999999999994
