,positive_100k,active_100k,recovered_100k,death_100k,hospitalizedCumulative_100k,inIcuCurrently_100k,onVentilatorCurrently_100k,BedsPer100k
count,30.0,30.0,30.0,30.0,30.0,31.0,31.0,31.0
mean,396.4728787927478,365.05639718099525,147.07856894072438,23.106671850775786,39.241673212024104,134.12985953512086,73.50285837802181,13440.0
std,61.57255394460564,652.5064433722326,81.34043161136103,6.247151439479062,43.315291205601675,19.84401697463557,8.14095938728633,0.0
min,281.2378623734803,-2288.6954852488107,35.48126603653418,12.074065305392878,15.040623000127653,110.00352228591342,61.621761322958186,13440.0
25%,344.13166815196473,322.83192032542047,80.56286227915712,18.839748633322728,22.589191455322805,118.22215870703786,66.26114505173899,13440.0
50%,403.95921912224276,367.11255151686873,127.77419729665257,23.917521417572004,27.820949731795963,127.61266463507653,74.7063776283245,13440.0
75%,436.04770074929183,419.0960149713155,212.49095675637943,27.004770534298615,32.29191823747931,149.76822077819423,79.15664464619381,13440.0
max,545.1648632030065,2365.4642979097953,412.6250144834539,33.60135479064161,246.1008903309637,167.5606227398938,94.52132152245757,13440.0
