,positive_100k,active_100k,recovered_100k,death_100k,hospitalizedCumulative_100k,inIcuCurrently_100k,onVentilatorCurrently_100k,BedsPer100k
count,18.0,18.0,18.0,18.0,18.0,19.0,19.0,19.0
mean,373.7486098680465,359.8014183555832,145.23090458939774,21.408645444650883,32.73795152087195,125.17885054009986,73.237393413687,13440.0
std,52.48595135938884,61.09318044117975,63.33844148809993,6.2599271521155755,23.73907245852294,11.89934919883682,7.074484650253878,0.0
min,280.9194219672172,273.86209679776584,69.88630115365277,12.074065305392878,15.040623000127653,110.00352228591342,61.621761322958186,13440.0
25%,339.6222297616787,322.83192032542047,95.30539389982312,15.973193455593076,21.450221265849336,115.11329247553704,67.83136060394531,13440.0
50%,365.79681263562725,363.70568796530097,130.1556893277393,21.97698776081438,24.485511129344104,122.93221229629843,74.45778852194428,13440.0
75%,409.19811930438163,378.3261623224398,198.0883757978752,25.325166374121693,28.88703234763716,133.8325011326815,79.18475802810443,13440.0
max,463.79458970618,512.395288552565,267.420123698374,32.223617822589745,103.87794325862478,146.0081610100142,84.48443121624827,13440.0
